11608,100,2018/10/23,Preseller,Passed
12130,85,2018/12/04,Merchandiser,Passed
12147,90,2019/02/18,Helpers,Passed
12305,85,2020/10/26,Merchandiser,Passed
12576,90,2019/02/10,Preseller,Passed
12608,100,2022/02/13,Preseller,Passed
12632,88,2020/12/22,MS,Passed
12679,100,2018/12/04,Merchandiser,Passed
12832,90,2020/10/26,Merchandiser,Passed
13134,90,2019/02/06,Merchandiser,Passed
13219,88,2022/02/23,Preseller,Passed
13310,80,2018/12/30,Preseller,Passed
13719,80,2019/02/06,Merchandiser,Passed
13732,80,2018/12/04,Merchandiser,Passed
14213,87,2019/04/10,UM,Passed
14312,85,2019/01/01,Merchandiser,Passed
14322,72,2020/10/07,MS,Failed
14385,90,2019/02/06,Merchandiser,Passed
14396,100,2020/10/12,UM,Passed
14403,85,2017/08/22,UM,Passed
14477,90,2018/10/23,Preseller,Passed
14619,91,2017/11/28,Preseller,Passed
14656,88,2020/06/30,Preseller,Passed
14740,83,2017/08/21,Preseller,Passed
14835,100,2018/10/23,Preseller,Passed
14989,100,2018/10/23,Preseller,Passed
15035,100,2018/11/04,TDS,Passed
15098,95,2018/12/04,Merchandiser,Passed
15103,90,2018/12/06,Merchandiser,Passed
15136,90,2022/02/09,Preseller,Passed
15292,90,2022/02/13,Preseller,Passed
15305,81,2020/11/10,CR,Passed
15322,89,2020/08/13,TDS,Passed
15365,80,2020/07/17,Merchandiser,Passed
15469,100,2020/12/15,MS,Passed
15509,94,2020/06/09,TDS,Passed
15541,95,2022/01/24,UM,Passed
15830,95,2018/12/03,Merchandiser,Passed
15905,86,2020/11/16,Preseller,Passed
15907,100,2020/07/16,Merchandiser,Passed
15911,85,2022/02/10,Preseller,Passed
15943,80,2020/10/21,Helpers,Passed
15975,95,2020/12/20,Preseller,Passed
15980,74,2022/02/16,Preseller,Failed
16002,83,2017/09/19,TDS,Passed
16003,87,2017/08/21,TDS,Passed
16017,96,2019/05/01,UM,Passed
16018,90,2019/01/13,TDS,Passed
16062,95,2018/12/02,Merchandiser,Passed
16139,100,2021/02/18,Merchandiser,Passed
16153,95,2018/12/04,Merchandiser,Passed
16164,100,2018/12/03,Merchandiser,Passed
16182,95,2018/12/02,Merchandiser,Passed
16251,100,2018/10/21,Preseller,Passed
16256,82,2018/11/04,TDS,Passed
16259,100,2018/12/02,Merchandiser,Passed
16281,100,2020/09/30,Preseller,Passed
16285,90,2018/12/04,Merchandiser,Passed
16296,91,2019/04/10,UM,Passed
16297,87,2019/04/10,UM,Passed
16312,100,2019/02/06,Merchandiser,Passed
16356,96,2017/08/02,Preseller,Passed
16396,82,2022/02/17,TDS,Passed
16484,100,2017/09/19,UM,Passed
16528,80,2022/03/31,TDS,Passed
16565,80,2018/10/23,Preseller,Passed
16569,90,2020/06/30,Preseller,Passed
16594,84,2022/02/21,Preseller,Passed
16624,95,2018/12/02,Merchandiser,Passed
16876,100,2020/12/15,MS,Passed
16895,87,2017/08/20,Preseller,Passed
17077,90,2020/10/05,Preseller,Passed
17106,100,2018/05/12,TDS,Passed
17170,87,2017/09/18,Preseller,Passed
17182,90,2020/09/28,UM,Passed
17205,85,2020/09/17,UM,Passed
17250,0,(blank),(blank),Not attend
17279,87,2017/08/20,Preseller,Passed
17289,100,2019/01/13,TDS,Passed
17342,95,2018/12/02,Merchandiser,Passed
17500,85,2018/12/02,Merchandiser,Passed
17508,100,2018/11/04,TDS,Passed
17528,100,2018/12/03,Merchandiser,Passed
17549,90,2020/09/30,Preseller,Passed
17555,85,2021/02/16,Preseller,Passed
17624,71,2021/03/24,TDS,Failed
17708,84,2019/03/12,Preseller,Passed
17709,87,2017/08/22,Preseller,Passed
17716,95,2018/12/02,Merchandiser,Passed
17717,100,2018/12/02,Merchandiser,Passed
17751,91,2017/08/22,Preseller,Passed
17776,95,2020/10/13,Merchandiser,Passed
17788,90,2020/10/05,Preseller,Passed
17833,100,2018/12/02,Merchandiser,Passed
17839,100,2018/11/04,TDS,Passed
17852,95,2018/12/02,Merchandiser,Passed
17854,100,2021/02/18,Merchandiser,Passed
17859,96,2019/02/03,Preseller,Passed
17872,83,2017/08/20,Preseller,Passed
17876,83,2019/04/10,UM,Passed
17891,95,2018/12/02,Merchandiser,Passed
17922,95,2018/12/03,Merchandiser,Passed
17923,100,2018/12/03,Merchandiser,Passed
17927,100,2018/12/02,Merchandiser,Passed
17939,82,2020/10/22,Preseller,Passed
17940,87,2017/08/20,Preseller,Passed
17988,95,2018/12/03,Merchandiser,Passed
18009,83,2017/08/20,Preseller,Passed
18020,100,2018/12/03,Merchandiser,Passed
18039,91,2017/08/20,Preseller,Passed
18043,90,2018/12/03,Merchandiser,Passed
18053,78,2022/02/28,Preseller,Failed
18055,95,2018/12/03,Merchandiser,Passed
18056,87,2017/09/19,Preseller,Passed
18088,100,2022/02/14,MS,Passed
18180,88,2017/08/22,UM,Passed
18214,83,2017/08/23,TDS,Passed
18249,90,2020/11/18,TDS,Passed
18261,88,2020/12/10,TDS,Passed
18268,98,2018/11/06,TDS,Passed
18287,88,2022/02/07,Preseller,Passed
18323,83,2020/12/14,TDS,Passed
18334,87,2017/09/18,Preseller,Passed
18335,94,2018/11/04,TDS,Passed
18337,100,2018/12/30,Preseller,Passed
18348,90,2018/12/30,Preseller,Passed
18367,87,2017/09/18,Preseller,Passed
18390,80,2017/08/21,TDS,Passed
18410,91,2017/09/19,Preseller,Passed
18419,90,2019/01/13,TDS,Passed
18422,96,2017/08/22,Preseller,Passed
18435,91,2020/08/14,TDS,Passed
18439,86,2020/06/07,TDS,Passed
18445,100,2018/12/30,Preseller,Passed
18447,100,2018/12/30,Preseller,Passed
18459,88,2022/02/06,TDS,Passed
18483,100,2018/11/04,TDS,Passed
18514,100,2018/10/23,Preseller,Passed
18520,90,2021/04/04,TDS,Passed
18533,90,2020/06/30,Preseller,Passed
18565,100,2018/11/06,TDS,Passed
18573,83,2018/10/21,Preseller,Passed
18583,100,2018/07/26,Preseller,Passed
18591,87,2020/10/05,Preseller,Passed
18604,0,(blank),(blank),Not attend
18607,100,2018/10/21,Preseller,Passed
18627,100,2019/01/20,TDS,Passed
18628,100,2019/01/13,TDS,Passed
18652,80,2020/12/20,Preseller,Passed
18654,100,2019/03/12,TDS,Passed
18664,83,2018/01/23,TDS,Passed
18665,90,2018/01/04,TDS,Passed
18670,95,2020/11/23,Preseller,Passed
18671,100,2020/10/12,Merchandiser,Passed
18675,80,2022/02/08,Preseller,Passed
18678,80,2020/11/17,Merchandiser,Passed
18682,100,2021/02/17,Merchandiser,Passed
18685,87,2020/10/06,Preseller,Passed
18688,80,2022/02/10,Preseller,Passed
18689,100,2020/07/16,Merchandiser,Passed
18700,87,2018/04/01,Preseller,Passed
18701,96,2018/01/04,Preseller,Passed
18704,84,2022/01/30,Preseller,Passed
18705,96,2017/01/04,Preseller,Passed
18706,100,2018/11/04,TDS,Passed
18718,80,2022/02/20,Merchandiser,Passed
18721,100,2020/10/05,Preseller,Passed
18722,100,2020/06/07,TDS,Passed
18741,92,2020/10/22,Preseller,Passed
18752,80,2022/02/14,Preseller,Passed
18758,80,2020/10/05,Merchandiser,Passed
18761,65,2022/02/08,Preseller,Failed
18767,100,2021/02/16,Merchandiser,Passed
18768,80,2020/07/15,Merchandiser,Passed
18775,88,2020/11/29,Preseller,Passed
18776,80,2020/10/21,Preseller,Passed
18780,100,2021/02/17,Merchandiser,Passed
18781,100,2021/02/17,Merchandiser,Passed
18782,100,2021/02/17,Merchandiser,Passed
18783,80,2020/07/20,Merchandiser,Passed
18784,95,2020/07/15,Merchandiser,Passed
18786,95,2020/07/15,Merchandiser,Passed
18787,80,2020/10/03,Merchandiser,Passed
18792,0,(blank),(blank),Not attend
18793,100,2021/02/18,Merchandiser,Passed
18794,100,2020/07/16,Merchandiser,Passed
18796,100,2020/10/03,Merchandiser,Passed
18797,100,2021/02/17,Merchandiser,Passed
18799,85,2020/10/03,Merchandiser,Passed
18800,100,2020/10/12,Merchandiser,Passed
18803,91,2018/07/26,Preseller,Passed
18804,86,2022/03/30,Preseller,Passed
18805,86,2020/10/24,TDS,Passed
18808,95,2020/07/15,Merchandiser,Passed
18812,90,2020/06/30,Preseller,Passed
18813,85,2021/02/14,Preseller,Passed
18826,90,2021/02/14,Preseller,Passed
18833,100,2020/07/16,Merchandiser,Passed
18834,100,2021/02/18,Merchandiser,Passed
18842,85,2020/11/30,Preseller,Passed
18874,100,2020/10/27,Merchandiser,Passed
18884,100,2021/02/18,Merchandiser,Passed
18887,80,2020/10/05,Merchandiser,Passed
18888,100,2020/07/15,Merchandiser,Passed
18908,88,2022/02/03,Preseller,Passed
18928,89,2020/01/05,Preseller,Passed
18929,100,2020/01/05,Preseller,Passed
18950,78,2022/02/28,Preseller,Failed
18957,100,2020/02/13,Preseller,Passed
18962,83,2020/12/14,TDS,Passed
18963,89,2020/03/10,Preseller,Passed
18964,83,2020/03/10,Preseller,Passed
18992,100,2021/03/24,UM,Passed
19003,100,2021/03/24,UM,Passed
19022,80,2022/02/21,Preseller,Passed
19028,90,2021/03/26,TDS,Passed
19036,0,(blank),(blank),Not attend
19049,78,2022/02/03,Preseller,Failed
19050,68,2021/06/07,Preseller,Failed
19051,68,2021/06/07,Preseller,Failed
19052,78,2022/03/31,Preseller,Failed
19068,80,2022/02/21,Merchandiser,Passed
19074,80,2022/02/19,Merchandiser,Passed
19085,80,2022/02/15,Merchandiser,Passed
19105,80,2022/02/10,Preseller,Passed
19106,85,2022/03/29,Preseller,Passed
19111,88,2022/02/03,Preseller,Passed
19112,62,2022/01/26,TDS,Failed
19113,80,2022/02/19,Merchandiser,Passed
19114,78,2022/03/31,Preseller,Failed
19141,80,2022/02/13,Preseller,Passed
19145,80,2022/02/10,Preseller,Passed
19151,80,2022/02/24,Merchandiser,Passed
19156,80,2022/02/20,Merchandiser,Passed
19157,80,2022/02/16,Merchandiser,Passed
19158,95,2022/02/15,Merchandiser,Passed
19179,90,2021/11/21,Preseller,Passed
19190,80,2022/02/13,Preseller,Passed
19193,90,2021/11/30,Preseller,Passed
19205,80,2022/02/10,Preseller,Passed
19232,100,2022/02/15,Merchandiser,Passed
19233,90,2022/02/16,Merchandiser,Passed
19234,90,2022/02/16,Merchandiser,Passed
19243,0,(blank),(blank),Not attend
19249,85,2022/02/16,Merchandiser,Passed
19254,0,(blank),(blank),Not attend
19255,0,(blank),(blank),Not attend
19260,78,2022/02/28,Preseller,Failed
19261,0,(blank),(blank),Not attend
19262,0,(blank),(blank),Not attend
19263,0,(blank),(blank),Not attend
19267,82,2022/02/23,Preseller,Passed
19271,90,2022/03/31,TDS,Passed
19275,0,(blank),(blank),Not attend
19345,0,(blank),(blank),Not attend
19346,0,(blank),(blank),Not attend
19353,0,(blank),(blank),Not attend
19356,0,(blank),(blank),Not attend
19358,100,2022/08/16,Preseller,Passed
19367,0,(blank),(blank),Not attend
19374,0,(blank),(blank),Not attend
19381,0,(blank),(blank),Not attend
19382,0,(blank),(blank),Not attend
19383,78,2022/08/16,Preseller,Failed
19384,0,(blank),(blank),Not attend
19385,0,(blank),(blank),Not attend
19386,0,(blank),(blank),Not attend
19412,0,(blank),(blank),Not attend
19420,0,(blank),(blank),Not attend
19421,0,(blank),(blank),Not attend
19426,0,(blank),(blank),Not attend
19427,0,(blank),(blank),Not attend
19428,0,(blank),(blank),Not attend
19429,85,2022/08/14,Preseller,Passed
19430,0,(blank),(blank),Not attend
19431,0,(blank),(blank),Not attend
19432,78,2022/08/14,Preseller,Failed
19433,0,(blank),(blank),Not attend
19434,0,(blank),(blank),Not attend
19436,0,(blank),(blank),Not attend
19437,85,2022/08/14,Preseller,Passed
19438,0,(blank),(blank),Not attend
19439,0,(blank),(blank),Not attend
19462,0,(blank),(blank),Not attend
19463,0,(blank),(blank),Not attend
19464,0,(blank),(blank),Not attend
19465,0,(blank),(blank),Not attend
19466,0,(blank),(blank),Not attend
19467,0,(blank),(blank),Not attend
19468,0,(blank),(blank),Not attend
19469,0,(blank),(blank),Not attend
19470,0,(blank),(blank),Not attend
19474,0,(blank),(blank),Not attend
19475,0,(blank),(blank),Not attend
19476,80,2022/08/14,Preseller,Passed
19478,80,2022/08/14,Preseller,Passed
19479,0,(blank),(blank),Not attend
19480,0,(blank),(blank),Not attend
19481,0,(blank),(blank),Not attend
19491,0,(blank),(blank),Not attend
19492,0,(blank),(blank),Not attend
19493,0,(blank),(blank),Not attend
19495,0,(blank),(blank),Not attend
19502,0,(blank),(blank),Not attend
19503,0,(blank),(blank),Not attend
19505,0,(blank),(blank),Not attend
19507,0,(blank),(blank),Not attend
19508,0,(blank),(blank),Not attend
19509,0,(blank),(blank),Not attend
19510,0,(blank),(blank),Not attend
19511,0,(blank),(blank),Not attend
19512,0,(blank),(blank),Not attend
19514,0,(blank),(blank),Not attend
19516,0,(blank),(blank),Not attend
40022,94,2017/04/18,UM,Passed
40055,89,2017/04/18,TDS,Passed
40169,95,2017/12/14,Preseller,Passed
40202,100,2020/09/09,Preseller,Passed
40205,89,2017/04/25,CR,Passed
40208,89,2017/05/17,CR,Passed
40223,90,2018/11/27,Preseller,Passed
40261,0,(blank),(blank),Not attend
40268,0,(blank),(blank),Not attend
40274,80,2021/01/17,TDS,Passed
40280,86,2020/12/08,Preseller,Passed
40284,80,2017/05/17,CR,Passed
40313,90,2021/01/12,CR,Passed
40522,88,2020/09/07,MS,Passed
40533,91,2017/07/30,Merchandiser,Passed
40534,87,2017/12/24,Merchandiser,Passed
40544,83,2017/07/31,Merchandiser,Passed
40563,90,2020/12/14,Preseller,Passed
40565,81,2017/07/31,Merchandiser,Passed
40573,80,2020/12/20,Preseller,Passed
40581,88,2017/07/31,Merchandiser,Passed
40583,90,2021/01/06,Preseller,Passed
40586,80,2021/11/25,Merchandiser,Passed
40588,81,2017/12/24,Merchandiser,Passed
40594,86,2017/07/27,Merchandiser,Passed
40597,96,2017/07/30,Merchandiser,Passed
40600,87,2017/07/31,Merchandiser,Passed
40609,96,2017/07/30,Merchandiser,Passed
40721,87,2017/12/24,Merchandiser,Passed
40771,90,2020/12/14,Preseller,Passed
40788,0,(blank),(blank),Not attend
40792,0,(blank),(blank),Not attend
40898,100,2021/11/11,Merchandiser,Passed
40910,88,2017/12/24,Merchandiser,Passed
40977,90,2021/11/11,Merchandiser,Passed
41118,80,2017/07/31,Merchandiser,Passed
41121,80,2017/07/31,Merchandiser,Passed
41124,81,2017/07/31,Merchandiser,Passed
41144,100,2020/09/01,TDS,Passed
41158,95,2017/04/23,CR,Passed
41177,0,(blank),(blank),Not attend
41186,84,2017/05/18,UM,Passed
41191,80,2020/12/06,TDS,Passed
41204,90,2017/04/23,CR,Passed
41214,85,2017/04/23,CR,Passed
41243,0,(blank),(blank),Not attend
41244,90,2021/11/11,Merchandiser,Passed
41255,72,2022/02/06,TDS,Failed
41257,92,2022/03/29,Preseller,Passed
41306,86,2018/11/21,TDS,Passed
41308,70,2022/02/22,TDS,Failed
41309,80,2022/02/28,TDS,Passed
41310,64,2022/03/21,TDS,Failed
41322,86,2017/12/14,TDS,Passed
41324,99,2020/09/02,TDS,Passed
41328,90,2022/01/30,UM,Passed
41335,95,2022/03/15,UM,Passed
41342,85,2022/02/08,UM,Passed
41352,90,2022/02/14,UM,Passed
41361,100,2020/12/13,Preseller,Passed
41363,80,2017/07/31,Merchandiser,Passed
41370,80,2020/12/14,MS,Passed
41374,93,2017/07/06,TDS,Passed
41382,74,2022/02/26,TDS,Failed
41387,0,(blank),(blank),Not attend
41406,86,2022/02/10,TDS,Passed
41407,100,2020/09/09,Preseller,Passed
41408,100,2020/09/03,Preseller,Passed
41411,80,2022/03/07,MS,Passed
41424,100,2021/01/08,Merchandiser,Passed
41426,80,2020/12/11,Merchandiser,Passed
41428,84,2017/07/27,Merchandiser,Passed
41432,83,2017/07/27,Merchandiser,Passed
41435,57,2022/03/28,TDS,Failed
41436,100,2020/12/14,Preseller,Passed
41438,90,2020/12/08,Preseller,Passed
41440,88,2017/04/18,TDS,Passed
41442,80,2017/07/27,Merchandiser,Passed
41449,90,2021/12/15,Preseller,Passed
41450,90,2021/12/15,Preseller,Passed
41451,46,2022/02/23,MS,Failed
41453,84,2021/12/15,Preseller,Passed
41454,80,2020/12/14,Preseller,Passed
41455,86,2018/11/21,TDS,Passed
41460,84,2017/05/18,TDS,Passed
41461,100,2020/09/01,TDS,Passed
41472,66,2022/02/19,TDS,Failed
41482,94,2017/04/25,CR,Passed
41502,90,2022/02/06,UM,Passed
41508,90,2021/12/15,Preseller,Passed
41509,96,2017/07/06,Preseller,Passed
41519,90,2021/12/08,Merchandiser,Passed
41534,57,2022/02/24,TDS,Failed
41537,85,2017/02/24,Preseller,Passed
41542,80,2017/07/27,Merchandiser,Passed
41554,82,2017/07/27,Merchandiser,Passed
41555,90,2017/07/27,Merchandiser,Passed
41556,87,2017/07/27,Merchandiser,Passed
41560,90,2017/07/27,Merchandiser,Passed
41561,90,2021/01/06,Preseller,Passed
41566,90,2021/10/20,Merchandiser,Passed
41584,90,2020/12/14,Preseller,Passed
41589,83,2017/07/27,Merchandiser,Passed
41601,84,2017/07/30,Merchandiser,Passed
41607,85,2020/09/01,Preseller,Passed
41630,100,2020/09/07,Merchandiser,Passed
41635,95,2020/09/07,Merchandiser,Passed
41646,90,2020/09/06,Preseller,Passed
41649,96,2020/09/08,Preseller,Passed
41668,90,2020/09/06,Preseller,Passed
41669,76,2022/02/10,TDS,Failed
41698,90,2018/11/27,Preseller,Passed
41702,80,2020/12/11,Merchandiser,Passed
41704,90,2020/09/07,Merchandiser,Passed
41708,90,2020/09/02,Preseller,Passed
41710,100,2020/09/01,Preseller,Passed
41718,100,2018/11/27,Preseller,Passed
41722,88,2020/09/07,MS,Passed
41723,90,2020/12/14,Preseller,Passed
41725,95,2020/09/07,Merchandiser,Passed
41727,86,2020/09/05,Preseller,Passed
41729,86,2022/03/01,Preseller,Passed
41755,86,2020/09/07,Preseller,Passed
41767,95,2020/09/07,Merchandiser,Passed
41773,100,2021/01/17,CR,Passed
41777,100,2020/09/03,Preseller,Passed
41782,100,2020/09/08,Preseller,Passed
41788,90,2022/04/04,Preseller,Passed
41795,90,2020/12/20,Preseller,Passed
41796,90,2020/09/02,Preseller,Passed
41797,100,2020/09/06,Merchandiser,Passed
41798,100,2020/09/09,Preseller,Passed
41804,90,2020/12/13,Preseller,Passed
41807,96,2020/09/09,Preseller,Passed
41811,95,2021/01/08,Merchandiser,Passed
41813,100,2021/01/12,CR,Passed
41814,85,2020/12/11,Merchandiser,Passed
41815,100,2020/09/12,Preseller,Passed
41818,100,2020/09/09,Preseller,Passed
41820,86,2020/09/01,TDS,Passed
41823,86,2020/09/09,Preseller,Passed
41827,90,2021/01/06,Preseller,Passed
41830,88,2021/10/19,Preseller,Passed
41831,100,2020/09/03,Preseller,Passed
41884,90,2022/03/27,Preseller,Passed
41885,80,2021/11/25,Merchandiser,Passed
41886,90,2022/03/27,Preseller,Passed
41888,80,2021/12/02,Preseller,Passed
41889,86,2021/10/19,Preseller,Passed
41890,90,2021/12/15,Preseller,Passed
41895,86,2021/10/19,Preseller,Passed
41905,90,2021/12/13,Preseller,Passed
41927,84,2021/12/15,Preseller,Passed
41936,88,2021/10/19,Preseller,Passed
41937,84,2021/10/19,Preseller,Passed
41941,90,2021/11/24,Merchandiser,Passed
41943,80,2021/11/25,MS,Passed
41944,90,2021/12/15,Preseller,Passed
41948,85,2021/11/11,Merchandiser,Passed
41955,90,2021/11/11,Merchandiser,Passed
41956,90,2021/11/11,Merchandiser,Passed
41960,90,2021/11/11,Merchandiser,Passed
41962,80,2021/11/25,Merchandiser,Passed
41964,90,2021/11/11,Merchandiser,Passed
41966,90,2021/11/11,Merchandiser,Passed
41967,86,2021/12/15,Preseller,Passed
41969,90,2021/11/11,Merchandiser,Passed
41970,90,2021/11/11,Merchandiser,Passed
41977,85,2022/04/14,CR,Passed
41982,90,2021/10/19,Preseller,Passed
41988,90,2021/11/24,Merchandiser,Passed
41994,85,2022/04/14,CR,Passed
41995,0,(blank),(blank),Not attend
41996,80,2022/02/14,TDS,Passed
42012,0,(blank),(blank),Not attend
42013,53,2022/03/28,TDS,Failed
42016,69,2022/02/14,TDS,Failed
42017,0,(blank),(blank),Not attend
42022,0,(blank),(blank),Not attend
42023,0,(blank),(blank),Not attend
42024,0,(blank),(blank),Not attend
42027,0,(blank),(blank),Not attend
42030,0,(blank),(blank),Not attend
42031,0,(blank),(blank),Not attend
42033,0,(blank),(blank),Not attend
42034,0,(blank),(blank),Not attend
42035,0,(blank),(blank),Not attend
42036,0,(blank),(blank),Not attend
42037,0,(blank),(blank),Not attend
42038,90,2022/03/28,Preseller,Passed
42039,0,(blank),(blank),Not attend
42040,0,(blank),(blank),Not attend
42045,0,(blank),(blank),Not attend
42046,0,(blank),(blank),Not attend
42050,0,(blank),(blank),Not attend
42051,90,2022/03/28,Preseller,Passed
42052,90,2022/03/27,Preseller,Passed
42053,0,(blank),(blank),Not attend
42054,0,(blank),(blank),Not attend
42055,0,(blank),(blank),Not attend
42056,0,(blank),(blank),Not attend
42057,0,(blank),(blank),Not attend
42060,0,(blank),(blank),Not attend
42061,0,(blank),(blank),Not attend
42062,0,(blank),(blank),Not attend
42063,0,(blank),(blank),Not attend
42064,0,(blank),(blank),Not attend
42065,0,(blank),(blank),Not attend
42066,0,(blank),(blank),Not attend
42067,0,(blank),(blank),Not attend
42072,0,(blank),(blank),Not attend
42075,0,(blank),(blank),Not attend
42078,0,(blank),(blank),Not attend
42079,0,(blank),(blank),Not attend
42080,0,(blank),(blank),Not attend
42084,0,(blank),(blank),Not attend
42090,0,(blank),(blank),Not attend
42091,0,(blank),(blank),Not attend
42092,0,(blank),(blank),Not attend
42093,0,(blank),(blank),Not attend
42094,0,(blank),(blank),Not attend
42095,0,(blank),(blank),Not attend
42096,0,(blank),(blank),Not attend
42099,0,(blank),(blank),Not attend
42101,0,(blank),(blank),Not attend
42103,0,(blank),(blank),Not attend
42104,0,(blank),(blank),Not attend
42106,0,(blank),(blank),Not attend
42108,0,(blank),(blank),Not attend
42110,0,(blank),(blank),Not attend
42111,0,(blank),(blank),Not attend
42112,0,(blank),(blank),Not attend
42113,0,(blank),(blank),Not attend
42114,0,(blank),(blank),Not attend
42116,0,(blank),(blank),Not attend
42119,0,(blank),(blank),Not attend
42120,0,(blank),(blank),Not attend
48005,95,2022/03/15,UM,Passed
48054,90,2021/11/11,Merchandiser,Passed
48056,90,2021/11/11,Merchandiser,Passed
48057,90,2021/11/11,Merchandiser,Passed
48059,90,2021/10/20,Merchandiser,Passed
48060,95,2021/11/11,Merchandiser,Passed
48065,95,2021/10/20,Merchandiser,Passed
48070,90,2021/10/19,Preseller,Passed
48083,0,(blank),(blank),Not attend
48087,0,(blank),(blank),Not attend
60076,100,2018/11/12,Helpers,Passed
60128,100,2022/01/30,Preseller,Passed
60161,90,2022/01/26,Preseller,Passed
60179,95,2020/07/16,Merchandiser,Passed
60232,85,2019/01/01,Merchandiser,Passed
60270,90,2020/10/20,Preseller,Passed
60276,100,2019/01/13,TDS,Passed
60279,78,2020/10/14,Preseller,Failed
60287,100,2018/10/19,Helpers,Passed
60299,95,2019/01/01,Merchandiser,Passed
60308,0,(blank),(blank),Not attend
60332,95,2022/02/03,Preseller,Passed
60366,90,2019/03/12,Preseller,Passed
60371,90,2019/01/01,Merchandiser,Passed
60386,85,2019/01/01,Merchandiser,Passed
60415,95,2019/01/01,Merchandiser,Passed
60426,88,2022/02/08,Preseller,Passed
60432,100,2018/12/30,Preseller,Passed
60437,85,2019/01/01,Merchandiser,Passed
60456,85,2019/01/01,Merchandiser,Passed
60487,90,2019/01/01,Merchandiser,Passed
60502,85,2019/01/01,Merchandiser,Passed
60512,88,2022/02/07,Preseller,Passed
60525,90,2019/01/01,Merchandiser,Passed
60587,80,2019/01/01,Merchandiser,Passed
60594,95,2019/01/01,Merchandiser,Passed
60623,90,2019/01/01,Merchandiser,Passed
60798,85,2022/01/27,Preseller,Passed
60817,88,2022/01/27,Preseller,Passed
60846,90,2020/10/13,Preseller,Passed
60879,77,2022/03/31,Preseller,Failed
60935,95,2020/10/20,Preseller,Passed
61099,90,2018/12/30,Merchandiser,Passed
61133,90,2018/10/23,Preseller,Passed
61160,95,2022/02/07,Preseller,Passed
61171,60,2022/03/31,Preseller,Failed
61212,100,2020/10/20,Preseller,Passed
61243,96,2020/11/23,Preseller,Passed
61254,90,2018/12/30,Merchandiser,Passed
61335,88,2022/02/03,Preseller,Passed
61376,97,2018/11/04,TDS,Passed
61393,87,2017/01/04,Preseller,Passed
61399,90,2020/12/27,Preseller,Passed
61491,88,2022/02/08,Preseller,Passed
61501,64,2022/03/30,MS,Failed
61523,0,(blank),(blank),Not attend
61584,85,2018/12/30,Merchandiser,Passed
61600,100,2020/12/27,Preseller,Passed
61602,88,2022/02/05,Preseller,Passed
61609,90,2018/11/06,TDS,Passed
61611,84,2022/03/02,Preseller,Passed
61613,90,2020/12/27,Preseller,Passed
61614,90,2020/10/13,Merchandiser,Passed
61615,88,2020/10/20,Preseller,Passed
61617,85,2020/10/05,Merchandiser,Passed
61619,88,2022/02/05,Preseller,Passed
61620,85,2020/10/05,Merchandiser,Passed
61622,90,2022/02/07,Preseller,Passed
61623,88,2022/02/05,Preseller,Passed
61637,95,2020/07/18,Merchandiser,Passed
61642,90,2020/12/27,Preseller,Passed
61643,90,2020/12/27,Preseller,Passed
61644,90,2020/12/27,Preseller,Passed
61647,100,2020/10/20,Preseller,Passed
61649,86,2020/11/16,Preseller,Passed
61664,90,2022/02/10,Preseller,Passed
61677,90,2020/10/20,Preseller,Passed
61678,90,2020/12/27,Preseller,Passed
61681,95,2020/10/20,Preseller,Passed
61684,90,2020/10/20,Preseller,Passed
61689,80,2021/02/14,Preseller,Passed
61701,83,2020/01/05,Preseller,Passed
61703,94,2020/01/05,Preseller,Passed
61705,0,(blank),(blank),Not attend
61722,90,2021/03/24,UM,Passed
61724,90,2022/02/10,Preseller,Passed
61725,81,2021/05/25,TDS,Passed
61726,100,2022/01/30,Preseller,Passed
61727,85,2022/02/20,Preseller,Passed
61730,77,2022/02/20,Preseller,Failed
61731,88,2022/02/08,Preseller,Passed
61734,86,2021/02/24,Preseller,Passed
61735,90,2021/03/24,TDS,Passed
61736,75,2022/02/28,Preseller,Failed
61739,88,2022/01/27,Preseller,Passed
61749,80,2022/03/29,Merchandiser,Passed
61755,74,2022/03/31,Preseller,Failed
61758,80,2022/03/29,Preseller,Passed
61772,91,2022/02/07,Preseller,Passed
61791,80,2022/03/29,Merchandiser,Passed
61792,78,2022/02/28,Preseller,Failed
61797,81,2022/02/20,Preseller,Passed
61799,90,2022/02/23,Preseller,Passed
61817,0,(blank),(blank),Not attend
61818,70,2022/03/31,Preseller,Failed
61819,80,2022/02/23,Preseller,Passed
61827,88,2022/02/28,Preseller,Passed
61829,70,2022/08/14,TDS,Failed
61830,32,2022/03/31,TDS,Failed
61831,0,(blank),(blank),Not attend
61841,0,(blank),(blank),Not attend
61845,82,2022/08/16,Preseller,Passed
61867,0,(blank),(blank),Not attend
80134,86,2022/01/26,Preseller,Passed
90032,80,2018/12/04,Merchandiser,Passed
90045,95,2018/12/04,Merchandiser,Passed
90061,95,2022/02/08,Preseller,Passed
90062,80,2022/02/19,Helpers,Passed
90065,100,2018/10/07,Helpers,Passed
90066,88,2022/02/03,Preseller,Passed
90069,80,2022/02/19,Helpers,Passed
90077,90,2018/12/04,Merchandiser,Passed
90083,80,2018/11/12,Helpers,Passed
90100,0,(blank),(blank),Not attend
90116,80,2020/10/25,Helpers,Passed
90117,80,2020/10/25,Helpers,Passed
90145,80,2020/10/25,Helpers,Passed
90151,100,2018/12/30,Preseller,Passed
90161,80,2022/02/03,Helpers,Passed
90169,80,2020/07/20,Merchandiser,Passed
90184,90,2018/12/30,Preseller,Passed
90203,90,2018/12/04,Merchandiser,Passed
90240,95,2018/12/06,Merchandiser,Passed
90241,90,2018/12/06,Merchandiser,Passed
90251,90,2018/12/06,Merchandiser,Passed
90288,80,2020/10/22,Helpers,Passed
90306,80,2020/10/24,Helpers,Passed
90323,80,2020/10/25,Helpers,Passed
90330,80,2020/10/25,Helpers,Passed
90340,0,(blank),(blank),Not attend
90341,80,2022/02/17,Helpers,Passed
90357,80,2022/02/17,Helpers,Passed
90361,80,2020/10/25,Helpers,Passed
90375,80,2020/10/19,Helpers,Passed
90381,80,2020/11/01,Helpers,Passed
90389,100,2018/10/02,Helpers,Passed
90393,100,2018/10/07,Helpers,Passed
90396,100,2018/11/12,Helpers,Passed
90397,85,2018/11/12,Helpers,Passed
90398,90,2019/02/18,Helpers,Passed
90511,80,2022/02/19,Merchandiser,Passed
90548,100,2020/10/03,Merchandiser,Passed
90595,80,2020/10/24,Helpers,Passed
90599,100,2018/12/05,Merchandiser,Passed
90615,80,2020/10/25,Helpers,Passed
90638,80,2020/10/24,Helpers,Passed
90680,80,2022/02/13,Helpers,Passed
90761,80,2020/10/21,Helpers,Passed
90997,100,2021/02/17,Merchandiser,Passed
92005,80,2020/10/25,Helpers,Passed
92077,100,2018/10/07,Helpers,Passed
92087,80,2022/02/19,Helpers,Passed
92091,0,(blank),(blank),Not attend
92095,80,2020/10/21,Helpers,Passed
92151,0,(blank),(blank),Not attend
92182,90,2020/11/30,Merchandiser,Passed
92184,80,2022/02/19,Merchandiser,Passed
92194,90,2018/12/09,Merchandiser,Passed
92278,100,2018/12/09,Merchandiser,Passed
92300,80,2022/02/17,Helpers,Passed
92308,80,2022/02/21,Merchandiser,Passed
92341,80,2020/10/21,Helpers,Passed
92359,80,2020/10/24,Helpers,Passed
92376,80,2022/02/21,Merchandiser,Passed
92386,80,2020/10/29,Helpers,Passed
92432,85,2018/12/05,Merchandiser,Passed
92473,80,2022/02/19,Helpers,Passed
92504,90,2018/11/12,Helpers,Passed
92531,100,2018/12/10,Merchandiser,Passed
92532,100,2021/02/18,Merchandiser,Passed
92534,85,2020/10/04,Merchandiser,Passed
92538,95,2018/12/10,Merchandiser,Passed
92539,0,(blank),(blank),Not attend
92552,88,2022/02/07,Preseller,Passed
92570,80,2020/10/21,Helpers,Passed
92571,80,2022/02/17,Helpers,Passed
92586,95,2018/12/10,Merchandiser,Passed
92591,100,2018/12/10,Merchandiser,Passed
92594,80,2020/10/21,Helpers,Passed
92599,80,2020/10/25,Helpers,Passed
92600,80,2020/10/21,Helpers,Passed
92601,80,2022/02/17,Helpers,Passed
92619,80,2022/02/17,Helpers,Passed
92641,95,2018/12/11,Merchandiser,Passed
92642,85,2019/01/01,Merchandiser,Passed
92666,80,2022/02/17,Helpers,Passed
92677,80,2020/10/25,Helpers,Passed
92708,95,2020/10/13,Merchandiser,Passed
92741,90,2020/10/26,Merchandiser,Passed
92744,95,2018/12/11,Merchandiser,Passed
92745,100,2018/12/11,Merchandiser,Passed
92753,90,2020/10/05,Merchandiser,Passed
92754,90,2022/01/27,Preseller,Passed
92755,83,2017/08/20,Preseller,Passed
92764,80,2022/02/02,Helpers,Passed
92794,80,2022/02/22,Helpers,Passed
92796,80,2020/10/25,Helpers,Passed
92798,95,2018/12/05,Merchandiser,Passed
92799,100,2018/12/02,Merchandiser,Passed
92819,80,2020/10/25,Helpers,Passed
92839,90,2018/12/03,Merchandiser,Passed
92855,95,2018/12/03,Merchandiser,Passed
92861,80,2020/10/21,Helpers,Passed
92895,100,2019/02/06,Merchandiser,Passed
92897,90,2021/02/17,Merchandiser,Passed
92899,90,2018/12/11,Merchandiser,Passed
92918,100,2018/10/05,Helpers,Passed
92919,100,2018/10/12,Helpers,Passed
92932,0,(blank),(blank),Not attend
92940,85,2018/12/11,Merchandiser,Passed
92942,100,2018/12/09,Merchandiser,Passed
92997,80,2022/02/17,Helpers,Passed
93131,80,2020/10/22,Helpers,Passed
93134,100,2018/10/05,Helpers,Passed
93246,80,2021/06/17,Helpers,Passed
93248,80,2022/02/13,Helpers,Passed
93249,100,2018/10/02,Helpers,Passed
93307,90,2018/10/19,Helpers,Passed
93417,100,2018/12/03,Merchandiser,Passed
93419,95,2018/12/03,Merchandiser,Passed
93496,80,2020/10/22,Helpers,Passed
93502,80,2022/02/19,Helpers,Passed
93534,85,2022/02/07,Preseller,Passed
93578,100,2018/12/05,Merchandiser,Passed
93617,0,(blank),(blank),Not attend
93628,0,(blank),(blank),Not attend
93664,80,2019/02/18,Helpers,Passed
93671,80,2020/10/21,Helpers,Passed
93673,100,2019/02/18,Helpers,Passed
93687,85,2018/12/06,Merchandiser,Passed
93749,90,2018/10/06,Helpers,Passed
93776,80,2022/02/24,Merchandiser,Passed
93781,80,2022/02/16,Merchandiser,Passed
93811,90,2019/02/18,Helpers,Passed
93817,0,(blank),(blank),Not attend
93840,80,2022/02/13,Helpers,Passed
93848,70,2022/02/17,Helpers,Failed
93855,100,2018/12/06,Merchandiser,Passed
93856,100,2018/12/06,Merchandiser,Passed
93877,100,2018/10/02,Helpers,Passed
93892,80,2019/02/06,Merchandiser,Passed
93895,100,2018/12/06,Merchandiser,Passed
93896,95,2018/12/09,Merchandiser,Passed
93898,95,2018/12/09,Merchandiser,Passed
93903,100,2019/02/06,Merchandiser,Passed
93904,100,2020/10/11,Merchandiser,Passed
93905,100,2018/12/09,Merchandiser,Passed
93906,90,2018/12/09,Merchandiser,Passed
93966,100,2018/12/09,Merchandiser,Passed
93969,100,2018/12/09,Merchandiser,Passed
93971,100,2018/12/09,Merchandiser,Passed
93988,80,2020/10/22,Helpers,Passed
93997,80,2019/02/06,Merchandiser,Passed
94010,80,2022/02/19,Merchandiser,Passed
94022,90,2018/11/12,Helpers,Passed
94040,70,2022/02/08,Helpers,Failed
94049,70,2022/02/07,Helpers,Failed
94083,100,2018/10/12,Helpers,Passed
94113,100,2018/10/07,Helpers,Passed
94114,80,2022/02/19,Helpers,Passed
94115,80,2022/02/01,Helpers,Passed
94116,80,2020/10/25,Helpers,Passed
94118,80,2020/10/29,Helpers,Passed
94123,80,2020/10/19,Helpers,Passed
94132,80,2022/02/19,Helpers,Passed
94138,80,2022/03/30,Merchandiser,Passed
94157,80,2020/10/26,Merchandiser,Passed
94175,0,(blank),(blank),Not attend
94208,80,2020/10/21,Helpers,Passed
94213,80,2020/10/25,Helpers,Passed
94230,80,2020/10/22,Helpers,Passed
94253,80,2020/11/01,Helpers,Passed
94257,80,2022/02/19,Helpers,Passed
94268,80,2020/10/24,Helpers,Passed
94270,80,2022/02/19,Helpers,Passed
94289,80,2022/02/19,Helpers,Passed
94292,80,2020/11/01,Helpers,Passed
94306,80,2020/10/29,Helpers,Passed
94330,70,2022/02/07,Helpers,Failed
94333,80,2022/02/19,Helpers,Passed
94334,90,2020/10/13,Merchandiser,Passed
94335,100,2020/11/16,Merchandiser,Passed
94336,80,2020/10/26,Merchandiser,Passed
94337,95,2020/10/13,Merchandiser,Passed
94338,80,2020/11/17,Merchandiser,Passed
94340,0,(blank),(blank),Not attend
94343,80,2022/02/02,Helpers,Passed
94355,80,2022/02/19,Helpers,Passed
94356,80,2022/02/19,Helpers,Passed
94362,0,(blank),(blank),Not attend
94366,85,2020/10/04,Merchandiser,Passed
94400,85,2020/10/05,Merchandiser,Passed
94405,80,2020/10/22,Helpers,Passed
94411,80,2020/10/25,Helpers,Passed
94412,80,2020/10/25,Helpers,Passed
94414,80,2020/10/25,Helpers,Passed
94416,80,2020/11/04,Helpers,Passed
94417,90,2021/02/16,Merchandiser,Passed
94424,100,2021/02/18,Merchandiser,Passed
94430,100,2021/02/17,Merchandiser,Passed
94436,100,2020/11/29,Merchandiser,Passed
94443,0,(blank),(blank),Not attend
94445,0,(blank),(blank),Not attend
94446,80,2022/02/07,Helpers,Passed
94447,80,2022/02/19,Helpers,Passed
94448,0,(blank),(blank),Not attend
94455,80,2022/02/19,Helpers,Passed
94456,80,2021/01/03,Helpers,Passed
94460,80,2021/01/03,Helpers,Passed
94475,0,(blank),(blank),Not attend
94477,80,2022/02/17,Helpers,Passed
94480,80,2021/05/24,Helpers,Passed
94482,80,2021/05/24,Helpers,Passed
94484,0,(blank),(blank),Not attend
94490,80,2021/05/24,Helpers,Passed
94491,80,2021/05/24,Helpers,Passed
94500,80,2021/05/24,Helpers,Passed
94501,80,2021/05/24,Helpers,Passed
94506,80,2021/05/24,Helpers,Passed
94507,80,2021/05/24,Helpers,Passed
94508,80,2021/05/24,Helpers,Passed
94509,80,2021/05/24,Helpers,Passed
94514,80,2021/05/24,Helpers,Passed
94517,80,2021/05/24,Helpers,Passed
94521,80,2021/05/24,Helpers,Passed
94523,80,2021/05/24,Helpers,Passed
94524,80,2021/05/24,Helpers,Passed
94531,80,2021/05/24,Helpers,Passed
94532,0,(blank),(blank),Not attend
94540,80,2021/05/24,Helpers,Passed
94554,80,2021/05/24,Helpers,Passed
94556,80,2021/05/24,Helpers,Passed
94559,80,2021/05/24,Helpers,Passed
94560,80,2022/02/17,Helpers,Passed
94567,84,2022/02/03,Preseller,Passed
94570,100,2022/02/03,Preseller,Passed
94571,100,2022/03/30,Preseller,Passed
94575,86,2022/02/16,Preseller,Passed
94576,100,2022/02/03,Preseller,Passed
94580,0,(blank),(blank),Not attend
94589,85,2022/02/20,Merchandiser,Passed
94590,80,2022/02/26,Merchandiser,Passed
94591,80,2021/06/17,Helpers,Passed
94595,80,2022/02/17,Helpers,Passed
94596,80,2022/02/17,Helpers,Passed
94598,80,2022/02/02,Helpers,Passed
94605,80,2022/02/17,Helpers,Passed
94606,70,2022/03/01,Helpers,Failed
94607,80,2022/02/17,Helpers,Passed
94620,80,2021/11/21,Merchandiser,Passed
94625,90,2021/11/16,Helpers,Passed
94626,90,2021/11/16,Helpers,Passed
94627,90,2021/11/16,Helpers,Passed
94632,90,2021/11/16,Helpers,Passed
94643,0,(blank),(blank),Not attend
94644,90,2021/11/16,Helpers,Passed
94645,90,2021/11/16,Helpers,Passed
94646,80,2021/11/16,Helpers,Passed
94648,80,2022/02/17,Helpers,Passed
94650,80,2022/02/19,Helpers,Passed
94651,80,2022/02/17,Helpers,Passed
94652,80,2022/02/22,Helpers,Passed
94653,80,2022/02/22,Helpers,Passed
94657,0,(blank),(blank),Not attend
94658,85,2022/02/20,Merchandiser,Passed
94660,70,2022/02/17,Helpers,Failed
94664,80,2022/02/20,Merchandiser,Passed
94673,90,2021/11/16,Helpers,Passed
94683,80,2022/02/22,Helpers,Passed
94689,90,2021/11/16,Helpers,Passed
94693,80,2022/02/02,Helpers,Passed
94697,80,2022/02/02,Helpers,Passed
94701,80,2022/02/19,Helpers,Passed
94702,80,2022/02/19,Helpers,Passed
94707,80,2022/02/19,Helpers,Passed
94708,80,2022/02/19,Helpers,Passed
94709,80,2022/02/19,Helpers,Passed
94710,90,2021/11/16,Helpers,Passed
94715,80,2022/02/02,Helpers,Passed
94717,80,2022/02/19,Helpers,Passed
94720,80,2022/02/19,Merchandiser,Passed
94721,80,2022/02/15,Merchandiser,Passed
94748,80,2022/02/19,Helpers,Passed
94750,80,2022/02/19,Helpers,Passed
94751,80,2022/02/19,Helpers,Passed
94753,80,2022/02/13,Helpers,Passed
94754,80,2022/02/13,Helpers,Passed
94755,80,2022/02/13,Helpers,Passed
94756,80,2022/02/13,Helpers,Passed
94757,80,2022/02/13,Helpers,Passed
94758,80,2022/02/02,Helpers,Passed
94765,80,2022/02/13,Helpers,Passed
94766,0,(blank),(blank),Not attend
94767,0,(blank),(blank),Not attend
94768,0,(blank),(blank),Not attend
94774,0,(blank),(blank),Not attend
94775,0,(blank),(blank),Not attend
94791,0,(blank),(blank),Not attend
94792,0,(blank),(blank),Not attend
94793,0,(blank),(blank),Not attend
94794,0,(blank),(blank),Not attend
94804,80,2022/02/19,Helpers,Passed
94807,0,(blank),(blank),Not attend
94809,0,(blank),(blank),Not attend
94810,0,(blank),(blank),Not attend
94811,0,(blank),(blank),Not attend
94812,0,(blank),(blank),Not attend
94819,0,(blank),(blank),Not attend
94824,0,(blank),(blank),Not attend
94825,0,(blank),(blank),Not attend
94826,0,(blank),(blank),Not attend
94832,0,(blank),(blank),Not attend
94833,0,(blank),(blank),Not attend
94834,0,(blank),(blank),Not attend
94835,0,(blank),(blank),Not attend
94836,0,(blank),(blank),Not attend
94837,0,(blank),(blank),Not attend
94838,0,(blank),(blank),Not attend
94839,0,(blank),(blank),Not attend
94840,0,(blank),(blank),Not attend
94841,0,(blank),(blank),Not attend
94842,0,(blank),(blank),Not attend
94843,0,(blank),(blank),Not attend
94844,0,(blank),(blank),Not attend
94845,0,(blank),(blank),Not attend
94846,0,(blank),(blank),Not attend
94847,0,(blank),(blank),Not attend
94848,0,(blank),(blank),Not attend
94849,0,(blank),(blank),Not attend
94850,0,(blank),(blank),Not attend
94851,0,(blank),(blank),Not attend
94852,0,(blank),(blank),Not attend
94853,0,(blank),(blank),Not attend
94854,0,(blank),(blank),Not attend
94855,0,(blank),(blank),Not attend
94856,0,(blank),(blank),Not attend
94857,0,(blank),(blank),Not attend
94858,0,(blank),(blank),Not attend
94859,0,(blank),(blank),Not attend
94860,0,(blank),(blank),Not attend
94861,0,(blank),(blank),Not attend
94866,0,(blank),(blank),Not attend
94874,0,(blank),(blank),Not attend
94876,0,(blank),(blank),Not attend
94888,0,(blank),(blank),Not attend
94919,0,(blank),(blank),Not attend
94920,0,(blank),(blank),Not attend
94931,0,(blank),(blank),Not attend
94936,0,(blank),(blank),Not attend
94939,0,(blank),(blank),Not attend
94940,0,(blank),(blank),Not attend
94941,0,(blank),(blank),Not attend
94942,0,(blank),(blank),Not attend
94944,0,(blank),(blank),Not attend
94945,0,(blank),(blank),Not attend
94947,0,(blank),(blank),Not attend
94951,0,(blank),(blank),Not attend
94952,0,(blank),(blank),Not attend
94962,0,(blank),(blank),Not attend
94964,0,(blank),(blank),Not attend
94966,0,(blank),(blank),Not attend
94970,0,(blank),(blank),Not attend
94971,0,(blank),(blank),Not attend
94977,0,(blank),(blank),Not attend
94981,0,(blank),(blank),Not attend
94984,0,(blank),(blank),Not attend
94985,0,(blank),(blank),Not attend
94986,0,(blank),(blank),Not attend
94996,0,(blank),(blank),Not attend
94998,0,(blank),(blank),Not attend
94999,0,(blank),(blank),Not attend
95001,0,(blank),(blank),Not attend
96049,74,2022/03/01,Preseller,Failed
96166,0,(blank),(blank),Not attend
96203,91,2017/07/27,Merchandiser,Passed
96206,86,2021/12/15,Preseller,Passed
96208,86,2017/07/27,Merchandiser,Passed
96210,68,2021/11/25,MS,Failed
96355,80,2020/09/08,Merchandiser,Passed
96384,100,2020/09/14,Merchandiser,Passed
96440,90,2020/09/01,Merchandiser,Passed
96442,90,2020/09/02,Merchandiser,Passed
96443,90,2021/01/06,Preseller,Passed
96444,86,2022/02/28,Preseller,Passed
96445,55,2020/12/15,Merchandiser,Failed
96446,95,2021/01/08,Merchandiser,Passed
96452,80,2020/09/01,Merchandiser,Passed
96469,90,2021/11/25,Merchandiser,Passed
96658,87,2017/07/27,Merchandiser,Passed
96673,100,2020/09/01,Merchandiser,Passed
96692,85,2021/11/25,Merchandiser,Passed
96751,90,2021/12/08,Merchandiser,Passed
96755,100,2020/09/14,Merchandiser,Passed
96760,90,2021/12/07,Merchandiser,Passed
96773,80,2020/09/09,Merchandiser,Passed
96782,90,2021/11/24,Merchandiser,Passed
96784,90,2021/11/25,Merchandiser,Passed
96785,90,2021/11/25,Merchandiser,Passed
96792,75,2022/02/28,Preseller,Failed
96809,100,2020/09/03,Merchandiser,Passed
96899,90,2021/11/25,Merchandiser,Passed
96905,90,2021/01/03,Merchandiser,Passed
96946,0,(blank),(blank),Not attend
96957,90,2020/09/02,Merchandiser,Passed
96967,100,2021/11/24,Helpers,Passed
96984,100,2020/09/01,Merchandiser,Passed
96994,100,2021/11/23,Helpers,Passed
96996,100,2021/11/24,Helpers,Passed
97033,90,2020/09/01,Merchandiser,Passed
97046,90,2020/09/09,Preseller,Passed
97047,86,2020/09/09,Preseller,Passed
97059,90,2020/09/09,Merchandiser,Passed
97065,80,2020/09/01,Merchandiser,Passed
97068,100,2021/11/24,Helpers,Passed
97072,95,2020/09/08,Merchandiser,Passed
97095,95,2020/09/07,Merchandiser,Passed
97107,100,2020/09/01,Merchandiser,Passed
97136,85,2021/01/07,Merchandiser,Passed
97180,80,2021/11/24,CR,Passed
97182,90,2021/11/11,Merchandiser,Passed
97234,85,2022/04/14,CR,Passed
97237,90,2021/11/24,Merchandiser,Passed
97259,0,(blank),(blank),Not attend
97275,0,(blank),(blank),Not attend
97294,0,(blank),(blank),Not attend
97308,0,(blank),(blank),Not attend
97309,0,(blank),(blank),Not attend
97310,0,(blank),(blank),Not attend
97312,0,(blank),(blank),Not attend
97327,0,(blank),(blank),Not attend
97328,0,(blank),(blank),Not attend
97329,0,(blank),(blank),Not attend
97330,0,(blank),(blank),Not attend
97331,0,(blank),(blank),Not attend
395013,0,(blank),(blank),Not attend
395014,0,(blank),(blank),Not attend
395015,0,(blank),(blank),Not attend
395016,0,(blank),(blank),Not attend
395017,0,(blank),(blank),Not attend
395021,0,(blank),(blank),Not attend
395023,0,(blank),(blank),Not attend
